{

"metadata":
{
"sourceFile": "chapter01.max",
"generatedBy": "3ds max ThreeJSExporter",
"formatVersion": 3.1,
"vertices": 48,
"normals": 84,
"colors": 0,
"uvs": 78,
"triangles": 84,
"materials": 1
},

"materials": [
{
"DbgIndex" : 0,
"DbgName"  : "dummy",
"colorDiffuse"  : [1.0000, 0.0000, 0.0000],
"vertexColors" : false
}

],

"vertices": [-3.03565,-12.9897,1.19209e-007,1.19209e-007,-12.9897,3.03565,-4.84926,3.90088,2.38419e-007,2.38419e-007,3.90088,4.84926,-2.38419e-007,3.90088,-4.84926,4.84926,3.90088,-2.38419e-007,-1.19209e-007,-12.9897,-3.03565,3.03565,-12.9897,-1.19209e-007,-4.84926,4.6242,2.38419e-007,2.38419e-007,4.6242,4.84926,4.84926,4.6242,-2.38419e-007,-2.38419e-007,4.6242,-4.84926,-6.69636,8.35986,2.38419e-007,2.38419e-007,8.35986,6.69636,6.69636,8.35986,-2.38419e-007,-2.38419e-007,8.35986,-6.69636,-6.69636,9.51114,2.38419e-007,2.38419e-007,9.51114,6.69636,6.69636,9.51114,-2.38419e-007,-2.38419e-007,9.51114,-6.69636,-4.52011,13.5897,2.38419e-007,2.38419e-007,13.5897,4.52011,4.52011,13.5897,-2.38419e-007,-2.38419e-007,13.5897,-4.52011,-7.50696,8.35986,4.76837e-007,4.76837e-007,8.35986,7.50696,4.76837e-007,9.51114,7.50696,-7.50696,9.51114,4.76837e-007,7.50696,8.35986,-4.76837e-007,7.50696,9.51114,-4.76837e-007,-4.76837e-007,8.35986,-7.50696,-4.76837e-007,9.51114,-7.50696,-1.24668,-2.31756,4.144,-1.06616,2.23512,3.96348,-0.0158417,-2.31756,5.37483,-0.0158417,3.10545,5.37483,1.21499,-2.31756,4.144,1.03447,2.23512,3.96347,-0.0158411,-2.31756,2.91316,-0.0158411,1.18182,2.91316,-0.477405,1.11109,5.06712,-0.409709,2.20707,4.99943,-0.0158417,1.11109,5.52869,-0.0158417,2.41659,5.52869,0.445722,1.11109,5.06712,0.378026,2.20707,4.99943,-0.0158417,1.11109,4.60556,-0.0158417,1.95351,4.60556],

"normals": [-0.705077,-0.0757068,0.705077,-0.705077,-0.0757068,0.705077,0.0,1.0,0.0,0.0,1.0,0.0,0.705077,-0.0757068,-0.705077,0.705077,-0.0757068,-0.705077,0.0,-1.0,0.0,0.0,-1.0,0.0,0.705077,-0.0757068,0.705077,0.705077,-0.0757068,0.705077,-0.705077,-0.0757068,-0.705077,-0.705077,-0.0757068,-0.705077,-0.707107,0.0,0.707107,-0.707107,0.0,0.707107,0.707107,0.0,0.707107,0.707107,0.0,0.707107,0.707107,0.0,-0.707107,0.707107,0.0,-0.707107,-0.707107,0.0,-0.707107,-0.707107,0.0,-0.707107,-0.667486,-0.330038,0.667486,-0.667486,-0.330038,0.667486,0.667486,-0.330038,0.667486,0.667486,-0.330038,0.667486,0.667486,-0.330038,-0.667486,0.667486,-0.330038,-0.667486,-0.667486,-0.330038,-0.667486,-0.667486,-0.330038,-0.667486,-0.707107,0.0,0.707107,-0.707107,0.0,0.707107,0.707107,0.0,0.707107,0.707107,0.0,0.707107,0.707107,0.0,-0.707107,0.707107,0.0,-0.707107,-0.707107,0.0,-0.707107,-0.707107,0.0,-0.707107,-0.661584,0.353007,0.661584,-0.661584,0.353007,0.661584,0.661584,0.353007,0.661584,0.661584,0.353007,0.661584,0.661584,0.353007,-0.661584,0.661584,0.353007,-0.661584,-0.661584,0.353007,-0.661584,-0.661584,0.353007,-0.661584,0.0,-1.0,0.0,0.0,-1.0,0.0,0.0,1.0,0.0,0.0,1.0,0.0,0.0,-1.0,0.0,0.0,-1.0,0.0,0.0,1.0,0.0,0.0,1.0,0.0,0.0,-1.0,0.0,0.0,-1.0,0.0,0.0,1.0,0.0,0.0,1.0,0.0,0.0,-1.0,0.0,0.0,-1.0,0.0,0.0,1.0,0.0,0.0,1.0,0.0,-0.705998,0.0559876,0.705998,-0.802232,0.0,0.597012,0.705998,0.0559878,0.705998,0.802232,0.0,0.597012,0.707107,0.0,-0.707107,0.707107,0.0,-0.707107,-0.707107,0.0,-0.707107,-0.707107,0.0,-0.707107,-2.39574e-007,0.851172,-0.524887,-3.0521e-007,0.706102,-0.70811,0.0,-1.0,0.0,0.0,-1.0,0.0,-0.704424,0.0870206,0.704425,-0.802233,0.0,0.597012,0.704424,0.0870206,0.704425,0.802233,0.0,0.597012,0.707107,0.0,-0.707107,0.707107,0.0,-0.707107,-0.707107,0.0,-0.707107,-0.707107,0.0,-0.707107,0.0,0.929795,-0.368078,0.0,0.840825,-0.541308,0.0,-1.0,0.0,0.0,-1.0,0.0],

"colors": [],

"uvs": [[0.375,0.0,0.625,0.0,0.375,0.25,0.625,0.25,0.375,0.5,0.625,0.5,0.375,0.75,0.625,0.75,0.375,1.0,0.625,1.0,0.875,0.0,0.875,0.25,0.125,0.0,0.125,0.25,0.375,0.25,0.625,0.25,0.625,0.5,0.375,0.5,0.375,0.25,0.625,0.25,0.625,0.5,0.375,0.5,0.375,0.25,0.625,0.25,0.625,0.5,0.375,0.5,0.375,0.25,0.625,0.25,0.625,0.5,0.375,0.5,0.375,0.25,0.625,0.25,0.625,0.25,0.375,0.25,0.625,0.5,0.625,0.5,0.375,0.5,0.375,0.5,1.0,0.0,1.0,1.0,0.0,1.0,0.0,0.0,1.0,0.0,1.0,1.0,0.0,1.0,0.0,0.0,1.0,0.0,1.0,1.0,0.0,1.0,0.0,0.0,1.0,0.0,1.0,1.0,0.0,1.0,0.0,0.0,1.0,0.0,0.0,0.0,1.0,1.0,0.0,1.0,1.0,0.0,1.0,1.0,0.0,1.0,0.0,0.0,1.0,0.0,1.0,1.0,0.0,1.0,0.0,0.0,1.0,0.0,1.0,1.0,0.0,1.0,0.0,0.0,1.0,0.0,1.0,1.0,0.0,1.0,0.0,0.0,1.0,0.0,0.0,0.0,1.0,1.0,0.0,1.0]],

"faces": [42,2,0,1,0,2,0,1,0,0,0,42,1,3,2,0,1,3,2,1,1,1,42,23,20,21,0,29,26,27,2,2,2,42,21,22,23,0,27,28,29,3,3,3,42,6,4,5,0,6,4,5,4,4,4,42,5,7,6,0,5,7,6,5,5,5,42,0,6,7,0,8,6,7,6,6,6,42,7,1,0,0,7,9,8,7,7,7,42,3,1,7,0,3,1,10,8,8,8,42,7,5,3,0,10,11,3,9,9,9,42,4,6,0,0,13,12,0,10,10,10,42,0,2,4,0,0,2,13,11,11,11,42,8,2,3,0,14,2,3,12,12,12,42,3,9,8,0,3,15,14,13,13,13,42,9,3,5,0,15,3,5,14,14,14,42,5,10,9,0,5,16,15,15,15,15,42,10,5,4,0,16,5,4,16,16,16,42,4,11,10,0,4,17,16,17,17,17,42,11,4,2,0,17,4,2,18,18,18,42,2,8,11,0,2,14,17,19,19,19,42,12,8,9,0,18,14,15,20,20,20,42,9,13,12,0,15,19,18,21,21,21,42,13,9,10,0,19,15,16,22,22,22,42,10,14,13,0,16,20,19,23,23,23,42,14,10,11,0,20,16,17,24,24,24,42,11,15,14,0,17,21,20,25,25,25,42,15,11,8,0,21,17,14,26,26,26,42,8,12,15,0,14,18,21,27,27,27,42,27,24,25,0,33,30,31,28,28,28,42,25,26,27,0,31,32,33,29,29,29,42,26,25,28,0,32,31,34,30,30,30,42,28,29,26,0,34,35,32,31,31,31,42,29,28,30,0,35,34,36,32,32,32,42,30,31,29,0,36,37,35,33,33,33,42,31,30,24,0,37,36,30,34,34,34,42,24,27,31,0,30,33,37,35,35,35,42,20,16,17,0,26,22,23,36,36,36,42,17,21,20,0,23,27,26,37,37,37,42,21,17,18,0,27,23,24,38,38,38,42,18,22,21,0,24,28,27,39,39,39,42,22,18,19,0,28,24,25,40,40,40,42,19,23,22,0,25,29,28,41,41,41,42,23,19,16,0,29,25,22,42,42,42,42,16,20,23,0,22,26,29,43,43,43,42,24,12,13,0,30,18,19,44,44,44,42,13,25,24,0,19,31,30,45,45,45,42,26,17,16,0,32,23,22,46,46,46,42,16,27,26,0,22,33,32,47,47,47,42,25,13,14,0,31,19,20,48,48,48,42,14,28,25,0,20,34,31,49,49,49,42,29,18,17,0,35,24,23,50,50,50,42,17,26,29,0,23,32,35,51,51,51,42,28,14,15,0,34,20,21,52,52,52,42,15,30,28,0,21,36,34,53,53,53,42,31,19,18,0,37,25,24,54,54,54,42,18,29,31,0,24,35,37,55,55,55,42,30,15,12,0,36,21,18,56,56,56,42,12,24,30,0,18,30,36,57,57,57,42,27,16,19,0,33,22,25,58,58,58,42,19,31,27,0,25,37,33,59,59,59,42,33,32,34,0,40,41,38,60,60,60,42,34,35,33,0,38,39,40,61,61,61,42,34,36,37,0,45,42,43,62,62,62,42,37,35,34,0,43,44,45,63,63,63,42,36,38,39,0,49,46,47,64,64,64,42,39,37,36,0,47,48,49,65,65,65,42,39,38,32,0,52,53,50,66,66,66,42,32,33,39,0,50,51,52,67,67,67,42,33,35,37,0,55,54,43,68,68,68,42,37,39,33,0,43,52,55,69,69,69,42,38,36,34,0,53,42,56,70,70,70,42,34,32,38,0,56,57,53,71,71,71,42,41,40,42,0,60,61,58,72,72,72,42,42,43,41,0,58,59,60,73,73,73,42,42,44,45,0,65,62,63,74,74,74,42,45,43,42,0,63,64,65,75,75,75,42,44,46,47,0,69,66,67,76,76,76,42,47,45,44,0,67,68,69,77,77,77,42,47,46,40,0,72,73,70,78,78,78,42,40,41,47,0,70,71,72,79,79,79,42,41,43,45,0,75,74,63,80,80,80,42,45,47,41,0,63,72,75,81,81,81,42,46,44,42,0,73,62,76,82,82,82,42,42,40,46,0,76,77,73,83,83,83]

}