{

"metadata":
{
"sourceFile": "chapter01_export.max",
"generatedBy": "3ds max ThreeJSExporter",
"formatVersion": 3.1,
"vertices": 64,
"normals": 120,
"colors": 0,
"uvs": 176,
"triangles": 120,
"materials": 1
},

"materials": [
{
"DbgIndex" : 0,
"DbgName"  : "dummy",
"colorDiffuse"  : [1.0000, 0.0000, 0.0000],
"vertexColors" : false
}

],

"vertices": [16.7229,7.65622,-4.83395,1.66512,12.5397,-7.31041,16.7635,12.6618,-5.5155,8.02945,7.58594,-5.86745,1.5479,-1.92675,-5.34068,7.99879,3.80215,-5.35225,16.5244,3.87108,-4.33871,9.86256,-1.85953,-4.35223,16.4342,-10.1474,-2.42719,9.79272,-8.42501,-3.46028,12.4454,-14.2494,-2.34329,5.10722,-14.3087,-3.21565,7.8996,-8.44032,-3.68533,1.48032,-10.2683,-4.20491,1.52647,-4.57267,-4.98041,7.93136,-4.52089,-4.21899,15.4185,14.1989,5.69357,15.378,9.19332,6.37512,6.68449,9.12304,5.34164,0.320152,14.0768,3.89867,6.65383,5.33926,5.85683,0.202942,-0.389643,5.86839,15.1795,5.40818,6.87036,8.51759,-0.322426,6.85684,15.0892,-8.61033,8.7819,8.44775,-6.88791,7.74879,11.1004,-12.7123,8.86579,3.76225,-12.7716,7.99342,6.55464,-6.90322,7.52374,0.135353,-8.73123,7.00417,0.181503,-3.03556,6.22867,6.5864,-2.98378,6.99008,-15.4215,-14.5728,-5.64268,-0.560349,-14.4526,-3.87598,-15.3755,-8.89065,-6.41635,-0.514313,-8.7705,-4.64964,-7.78857,-8.82931,-5.5144,-7.8346,-14.5114,-4.74074,-6.23196,2.43197,-6.87189,-0.438614,0.572425,-5.92175,-6.19241,7.31369,-7.53658,-0.371445,8.86232,-7.05049,-4.35686,12.8649,-8.07756,-9.47009,7.28719,-7.92622,-11.0187,12.811,-8.86954,-15.2326,8.74218,-8.81718,-9.49756,3.89704,-7.46463,-15.2723,3.85036,-8.15112,-16.7205,-7.35354,4.79272,-9.13353,-7.29221,5.69467,-9.17957,-12.9743,6.46834,-16.7665,-13.0356,5.56639,-1.85928,-7.2334,6.55943,-1.90531,-12.9155,7.3331,-7.57693,3.96907,4.33719,-1.78358,2.10953,5.28732,-7.53738,8.85079,3.6725,-1.71641,10.3994,4.15858,-5.70182,14.402,3.13152,-10.8151,8.8243,3.28285,-12.3637,14.3481,2.33954,-16.5776,10.2793,2.39189,-10.8425,5.43415,3.74445,-16.6172,5.38746,3.05795],

"normals": [-0.118045,0.134908,0.983801,-0.118046,0.134908,0.983801,-0.118045,0.13491,0.983801,-0.118046,0.134909,0.983801,-0.118045,0.13491,0.983801,-0.118044,0.13491,0.983801,-0.118046,0.134909,0.983801,-0.118047,0.13491,0.983801,-0.118046,0.134907,0.983801,-0.118045,0.134908,0.983801,0.118046,-0.134909,-0.983801,0.118046,-0.134909,-0.983801,0.118046,-0.134908,-0.983801,0.118044,-0.13491,-0.983801,0.118044,-0.134909,-0.983801,0.118044,-0.134909,-0.983801,0.118045,-0.134909,-0.983801,0.118047,-0.13491,-0.983801,0.118045,-0.134908,-0.983801,0.118046,-0.134907,-0.983801,0.992976,0.00802729,0.118046,0.992976,0.00802729,0.118046,-0.00802808,-0.990825,0.134909,-0.00802783,-0.990826,0.134909,0.008028,0.990825,-0.134909,0.008028,0.990825,-0.134909,0.992976,0.00802817,0.118045,0.992976,0.00802772,0.118045,-0.992976,-0.0080275,-0.118045,-0.992976,-0.0080275,-0.118045,0.00802794,0.990825,-0.134909,0.00802794,0.990825,-0.134909,-0.00802804,-0.990825,0.134909,-0.00802804,-0.990825,0.134909,0.992988,0.00967584,0.117821,0.992988,0.00967577,0.11782,-0.992952,-0.00552091,-0.118386,-0.992952,-0.00552091,-0.118386,0.707214,-0.684053,0.178662,0.707214,-0.684053,0.178662,-0.00802777,-0.990825,0.134909,-0.00802792,-0.990825,0.134909,0.00802771,0.990825,-0.134909,0.00802771,0.990825,-0.134909,-0.744431,-0.667696,0.00223803,-0.744431,-0.667696,0.00223803,-0.992976,-0.00802676,-0.118045,-0.992976,-0.00802676,-0.118045,0.00802759,0.990825,-0.134909,0.00802759,0.990825,-0.134909,0.992976,0.00802808,0.118045,0.992976,0.00802808,0.118045,-0.118046,0.134912,0.983801,-0.118044,0.134909,0.983801,-0.118046,0.134909,0.983801,-0.11805,0.134906,0.983801,0.118044,-0.13491,-0.983801,0.118046,-0.134909,-0.983801,0.118045,-0.134908,-0.983801,0.118046,-0.134908,-0.983801,-0.118046,0.134909,0.983801,-0.118046,0.134909,0.983801,-0.118045,0.134909,0.983801,-0.118045,0.134909,0.983801,-0.118045,0.134909,0.983801,-0.118046,0.134909,0.983801,-0.118045,0.134909,0.983801,-0.118045,0.134909,0.983801,-0.118044,0.134908,0.983802,-0.118047,0.134908,0.983801,-0.118044,0.134911,0.983801,-0.118044,0.134911,0.983801,-0.118045,0.134909,0.983801,-0.118044,0.134908,0.983801,0.118046,-0.134909,-0.983801,0.118046,-0.134909,-0.983801,0.118045,-0.134909,-0.983801,0.118045,-0.134909,-0.983801,0.118046,-0.134909,-0.983801,0.118045,-0.134909,-0.983801,0.118045,-0.134909,-0.983801,0.118045,-0.134909,-0.983801,0.118044,-0.134908,-0.983802,0.118047,-0.134908,-0.983801,0.118044,-0.134911,-0.983801,0.118044,-0.134911,-0.983801,0.118045,-0.134909,-0.983801,0.118044,-0.134908,-0.983801,-0.0080281,-0.990825,0.134909,-0.0080281,-0.990825,0.134909,-0.992976,-0.00802785,-0.118045,-0.992976,-0.00802785,-0.118045,0.00802779,0.990825,-0.134909,0.00802779,0.990825,-0.134909,0.992976,0.00802785,0.118045,0.992976,0.00802785,0.118045,-0.00802779,-0.990825,0.134909,-0.00802779,-0.990825,0.134909,-0.76924,0.614096,-0.176511,-0.76924,0.614096,-0.176511,0.779217,-0.60154,0.175987,0.779217,-0.60154,0.175987,-0.992976,-0.00802795,-0.118045,-0.992976,-0.00802795,-0.118045,0.992976,0.00802721,0.118045,0.992976,0.00802721,0.118045,0.710033,0.704077,-0.0113543,0.710033,0.704077,-0.0113543,-0.00802915,-0.990825,0.134909,-0.00802915,-0.990825,0.134909,0.0080282,0.990825,-0.134909,0.0080282,0.990825,-0.134909,-0.684544,0.706643,-0.17904,-0.684544,0.706643,-0.17904,0.992976,0.00802795,0.118045,0.992976,0.00802795,0.118045,-0.00802746,-0.990825,0.134909,-0.00802746,-0.990825,0.134909,-0.992976,-0.00802748,-0.118045,-0.992976,-0.00802748,-0.118045],

"colors": [],