{

"metadata":
{
"sourceFile": "",
"generatedBy": "3ds max ThreeJSExporter",
"formatVersion": 3.1,
"vertices": 60,
"normals": 92,
"colors": 0,
"uvs": 105,
"triangles": 92,
"materials": 1
},

"materials": [
{
"DbgIndex" : 0,
"DbgName"  : "_basketball_hooplambert2SG",
"colorDiffuse"  : [0.5880, 0.5880, 0.5880],
"colorAmbient"  : [0.5880, 0.5880, 0.5880],
"colorSpecular"  : [0.9000, 0.9000, 0.9000],
"opacity"  : 1.0,
"specularCoef"  : 10.0,
"vertexColors" : false
}

],

"vertices": [7.34111,25.2799,-12.3613,-6.93246,25.2799,-12.3613,-14.0693,25.2799,-1.28851e-006,-6.93247,25.2799,12.3613,7.3411,25.2799,12.3613,14.4779,25.2799,2.62964e-007,7.9617,26.521,-13.4362,-7.55305,26.521,-13.4362,-15.3104,26.521,-1.28851e-006,-7.55306,26.521,13.4362,7.96169,26.521,13.4362,15.7191,26.521,2.62964e-007,8.58229,25.2799,-14.5111,-8.17365,25.2799,-14.5111,-16.5516,25.2799,-2.83999e-006,-8.17365,25.2799,14.5111,8.58228,25.2799,14.5111,16.9602,25.2799,2.62964e-007,7.9617,24.0387,-13.4362,-7.55305,24.0387,-13.4362,-15.3104,24.0387,-1.28851e-006,-7.55306,24.0387,13.4362,7.96169,24.0387,13.4362,15.7191,24.0387,2.62964e-007,-5.15516,-0.0425744,9.28289,-4.92517,-0.0425744,8.88454,-15.4013,25.386,2.62964e-007,-15.1504,24.2676,2.62964e-007,-4.92517,-0.0425744,-8.88454,-5.15516,-0.0425744,-9.28289,5.5638,-0.0425744,9.28289,5.33381,-0.0425744,8.88454,-7.59848,25.386,13.5148,-7.47306,24.2676,13.2976,-10.0547,-0.0425744,2.62964e-007,-10.5146,-0.0425744,2.62964e-007,10.9233,-0.0425744,2.62964e-007,10.4633,-0.0425744,2.62964e-007,8.00712,25.386,13.5148,7.8817,24.2676,13.2976,5.5638,-0.0425744,-9.28289,5.33381,-0.0425744,-8.88454,15.8099,25.386,2.62964e-007,15.5591,24.2676,2.62964e-007,8.00712,25.386,-13.5148,7.8817,24.2676,-13.2976,-7.59848,25.386,-13.5148,-7.47306,24.2676,-13.2976,13.7292,24.7919,3.71404,23.4189,24.7919,5.41524,13.7292,25.7678,3.71404,23.4189,25.7678,5.41524,13.7292,25.7678,-3.71404,23.4189,25.7678,-5.41524,13.7292,24.7919,-3.71404,23.4189,24.7919,-5.41524,23.4189,25.7678,2.62964e-007,16.1364,25.7678,2.62964e-007,16.1364,24.7919,2.62964e-007,23.4189,24.7919,2.62964e-007],

"normals": [0.0,0.654654,0.755928,-1.39398e-007,0.654654,0.755929,0.654654,0.654654,0.377965,0.654653,0.654654,0.377964,0.654654,0.654654,-0.377964,0.654654,0.654654,-0.377964,0.0,0.654653,-0.755929,0.0,0.654654,-0.755929,-0.654654,0.654654,-0.377965,-0.654653,0.654654,-0.377964,-0.654654,0.654654,0.377964,-0.654654,0.654654,0.377964,1.39398e-007,0.654653,-0.755929,1.29073e-007,0.654653,-0.755929,-0.654654,0.654654,-0.377965,-0.654654,0.654654,-0.377965,-0.654653,0.654654,0.377964,-0.654654,0.654653,0.377965,0.0,0.654654,0.755929,0.0,0.654653,0.755929,0.654654,0.654653,0.377965,0.654654,0.654654,0.377964,0.654654,0.654654,-0.377964,0.654654,0.654653,-0.377964,1.29072e-007,-0.654655,-0.755928,1.39398e-007,-0.654655,-0.755928,-0.654653,-0.654655,-0.377964,-0.654653,-0.654655,-0.377964,-0.654653,-0.654655,0.377964,-0.654653,-0.654654,0.377964,0.0,-0.654655,0.755928,0.0,-0.654655,0.755928,0.654653,-0.654655,0.377964,0.654653,-0.654655,0.377964,0.654653,-0.654655,-0.377964,0.654653,-0.654655,-0.377964,-1.39398e-007,-0.654656,0.755927,0.0,-0.654655,0.755928,0.654653,-0.654655,0.377964,0.654652,-0.654656,0.377964,0.654653,-0.654655,-0.377964,0.654653,-0.654655,-0.377964,0.0,-0.654655,-0.755928,0.0,-0.654655,-0.755928,-0.654653,-0.654655,-0.377964,-0.654653,-0.654655,-0.377964,-0.654653,-0.654655,0.377964,-0.654653,-0.654655,0.377964,-0.880521,-0.197489,0.430908,-0.759787,-0.479895,-0.438662,-0.759787,-0.479895,0.438662,-0.880521,-0.197489,-0.430908,-0.0670826,-0.197488,0.978007,-0.759787,-0.479895,0.438662,0.0,-0.479895,0.877326,-0.813438,-0.197488,0.547099,0.813438,-0.197488,0.547099,0.0,-0.479895,0.877326,0.759787,-0.479895,0.438662,0.0670826,-0.197488,0.978007,0.880521,-0.197489,-0.430908,0.759787,-0.479895,0.438662,0.759787,-0.479895,-0.438662,0.880521,-0.197489,0.430908,0.0670826,-0.197488,-0.978007,0.759787,-0.479895,-0.438662,0.0,-0.479895,-0.877326,0.813438,-0.197488,-0.547099,-0.813438,-0.197488,-0.547099,0.0,-0.479895,-0.877326,-0.759787,-0.479895,-0.438662,-0.0670826,-0.197488,-0.978007,-0.172923,0.0,0.984935,-0.172923,0.0,0.984935,0.0,1.0,0.0,0.0,1.0,0.0,-0.172923,0.0,-0.984935,-0.172923,0.0,-0.984935,0.0,-1.0,0.0,0.0,-1.0,0.0,1.0,0.0,0.0,1.0,0.0,0.0,-0.839156,0.0,-0.543891,-0.839156,0.0,-0.543891,0.0,1.0,0.0,0.0,1.0,0.0,-0.839156,0.0,0.543891,-0.839156,0.0,0.543891,0.0,-1.0,0.0,0.0,-1.0,0.0,1.0,0.0,0.0,1.0,0.0,0.0],

"colors": [],

"uvs": [[0.0,1.0,0.166667,1.0,0.333333,1.0,0.5,1.0,0.666667,1.0,0.833333,1.0,1.0,1.0,0.0,0.75,0.166667,0.75,0.333333,0.75,0.5,0.75,0.666667,0.75,0.833333,0.75,1.0,0.75,0.0,0.5,0.166667,0.5,0.333333,0.5,0.5,0.5,0.666667,0.5,0.833333,0.5,1.0,0.5,0.0,0.25,0.166667,0.25,0.333333,0.25,0.5,0.25,0.666667,0.25,0.833333,0.25,1.0,0.25,0.0,0.0,0.166667,0.0,0.333333,0.0,0.5,0.0,0.666667,0.0,0.833333,0.0,1.0,0.0,0.375,0.0,0.625,0.0,0.625,0.25,0.375,0.25,0.625,0.25,0.625,0.0,0.375,0.0,0.375,0.25,0.625,0.25,0.625,0.0,0.375,0.0,0.375,0.25,0.625,0.25,0.375,0.25,0.375,0.0,0.625,0.0,0.625,0.25,0.625,0.0,0.375,0.0,0.375,0.25,0.625,0.25,0.375,0.25,0.375,0.0,0.625,0.0,0.625,0.25,0.625,0.0,0.375,0.0,0.375,0.25,0.625,0.25,0.375,0.25,0.375,0.0,0.625,0.0,0.625,0.25,0.625,0.0,0.375,0.0,0.375,0.25,0.625,0.25,0.375,0.25,0.375,0.0,0.625,0.0,0.625,0.25,0.625,0.0,0.375,0.0,0.375,0.25,0.625,0.25,0.375,0.25,0.375,0.0,0.625,0.0,0.375,0.0,0.625,0.0,0.375,0.25,0.625,0.25,0.375,0.5,0.625,0.5,0.375,0.75,0.625,0.75,0.375,1.0,0.625,1.0,0.875,0.0,0.875,0.25,0.125,0.0,0.125,0.25,0.625,0.366123,0.741123,0.25,0.258877,0.25,0.375,0.366123,0.258877,0.0,0.375,0.883877,0.625,0.883877,0.741123,0.0]],