{

"metadata":
{
"sourceFile": "chapter01.max",
"generatedBy": "3ds max ThreeJSExporter",
"formatVersion": 3.1,
"vertices": 46,
"normals": 82,
"colors": 0,
"uvs": 104,
"triangles": 82,
"materials": 1
},

"materials": [
{
"DbgIndex" : 0,
"DbgName"  : "dummy",
"colorDiffuse"  : [1.0000, 0.0000, 0.0000],
"vertexColors" : false
}

],

"vertices": [4.68267,-18.3365,-8.11063,-4.68267,-18.3365,-8.11063,-9.36534,-18.3365,0.0,-4.68267,-18.3365,8.11062,4.68267,-18.3365,8.11063,9.36534,-18.3365,0.0,4.68267,8.28709,-8.11063,-4.68267,8.28708,-8.11063,-9.36534,8.28709,0.0,-4.68267,8.28708,8.11062,4.68267,8.28709,8.11062,9.36534,8.28709,0.0,-1.07288e-006,-18.3365,0.0,4.06783,8.28708,-7.04568,-4.06782,8.28708,-7.04568,-8.13565,8.28709,0.0,-4.06782,8.28708,7.04568,4.06782,8.28708,7.04568,8.13565,8.28708,0.0,3.14555,12.0774,-5.44826,-3.14556,12.0774,-5.44826,-6.29111,12.0774,0.0,-3.14556,12.0774,5.44826,3.14555,12.0774,5.44826,6.29111,12.0774,0.0,1.73302,13.6118,-3.00168,-1.73302,13.6118,-3.00168,-3.46604,13.6118,0.0,-1.73302,13.6118,3.00168,1.73302,13.6118,3.00168,3.46604,13.6118,0.0,1.73302,18.9365,-3.00166,-1.73302,18.9365,-3.00166,-1.07288e-006,18.9365,-5.32472e-006,-3.46604,18.9365,0.0,-1.73302,18.9365,3.00166,1.73302,18.9365,3.00167,3.46603,18.9365,-5.32472e-006,-0.049963,17.3214,2.60737,-0.990741,16.3806,2.60738,-0.049963,15.4398,2.60738,0.890815,16.3806,2.60738,-0.049963,17.3214,4.96115,-0.990741,16.3806,4.96115,-0.049963,15.4398,4.96115,0.890815,16.3806,4.96115],

"normals": [0.0,-1.0,0.0,0.0,0.0,-1.0,0.0,0.0,-1.0,0.866026,-1.70619e-007,-0.499999,0.866026,0.0,-0.5,0.0,-1.0,0.0,0.0,-1.0,0.0,-0.866026,0.0,-0.5,-0.866025,1.70619e-007,-0.5,0.0,-1.0,0.0,-0.866025,0.0,0.5,-0.866025,0.0,0.5,0.0,-1.0,0.0,-5.09151e-007,1.79103e-007,1.0,0.0,0.0,1.0,0.0,-1.0,0.0,0.866026,0.0,0.5,0.866025,0.0,0.5,-4.65323e-006,1.0,2.68654e-006,-7.75539e-006,1.0,4.00724e-006,-6.10981e-007,1.0,3.52745e-007,0.0,1.0,5.37307e-006,0.0,1.0,-7.055e-007,7.03335e-007,1.0,-4.06065e-007,6.10981e-007,1.0,3.5275e-007,0.0,1.0,8.12136e-007,-6.10981e-007,1.0,-5.02034e-006,0.0,1.0,0.0,-7.75539e-006,1.0,-4.00724e-006,-4.65323e-006,1.0,-2.68655e-006,0.798047,0.388367,-0.460753,0.798047,0.388366,-0.460752,0.0,0.388365,-0.921506,3.53236e-007,0.388365,-0.921506,-0.798047,0.388366,-0.460753,-0.798047,0.388365,-0.460753,-0.798047,0.388366,0.460753,-0.798047,0.388366,0.460753,0.0,0.388366,0.921505,3.53236e-007,0.388366,0.921505,0.798047,0.388365,0.460753,0.798047,0.388366,0.460753,0.460134,0.847172,-0.26566,0.460135,0.847172,-0.26566,7.70542e-007,0.847173,-0.531317,0.0,0.847172,-0.531318,-0.460134,0.847173,-0.265658,-0.460133,0.847174,-0.265658,-0.460136,0.847171,0.26566,-0.460134,0.847174,0.265655,7.70541e-007,0.847172,0.531319,1.39859e-006,0.847171,0.53132,0.460135,0.847172,0.26566,0.460135,0.847172,0.26566,0.866024,2.35008e-006,-0.500002,0.866026,3.91871e-007,-0.499999,0.0,2.9552e-006,-1.0,0.0,2.9552e-006,-1.0,-0.866025,8.53092e-007,-0.5,-0.866025,1.4776e-006,-0.500001,-0.866026,1.83816e-006,0.5,-0.866025,8.53091e-007,0.500001,0.0,9.85067e-007,1.0,-1.51332e-006,1.97014e-006,1.0,0.866025,1.39187e-006,0.500001,0.866026,4.92534e-007,0.5,0.0,1.0,1.27086e-006,-1.10059e-006,1.0,6.35431e-007,1.1006e-006,1.0,6.35431e-007,1.10059e-006,1.0,-6.3543e-007,1.1006e-006,1.0,-6.35429e-007,-1.10059e-006,1.0,6.35428e-007,-0.707106,0.707107,0.0,-0.707106,0.707107,0.0,-0.707108,-0.707106,0.0,-0.707108,-0.707106,0.0,0.707108,-0.707106,0.0,0.707108,-0.707106,0.0,0.707106,0.707107,0.0,0.707106,0.707107,0.0,0.0,0.0,1.0,0.0,0.0,1.0],

"colors": [],

"uvs": [[0.5,0.15,0.421875,0.020934,0.578125,0.020934,0.416667,0.3125,0.416667,0.68844,0.375,0.68844,0.375,0.3125,0.625,0.68844,0.583333,0.68844,0.583333,0.3125,0.625,0.3125,0.65625,0.15625,0.34375,0.15625,0.458333,0.3125,0.458333,0.68844,0.416667,0.3125,0.421875,0.291566,0.5,0.3125,0.5,0.68844,0.458333,0.3125,0.578125,0.291566,0.541667,0.3125,0.541667,0.68844,0.5,0.3125,0.65625,0.15625,0.583333,0.3125,0.541667,0.3125,0.578125,0.979067,0.65625,0.84375,0.65625,0.84375,0.578125,0.979066,0.421875,0.979067,0.421875,0.979066,0.34375,0.84375,0.34375,0.84375,0.421875,0.979067,0.421875,0.708433,0.421875,0.708434,0.34375,0.84375,0.578125,0.708433,0.578125,0.708434,0.421875,0.708433,0.65625,0.84375,0.578125,0.708433,0.578125,0.979066,0.65625,0.84375,0.65625,0.84375,0.578125,0.979067,0.421875,0.979066,0.34375,0.84375,0.421875,0.979067,0.421875,0.708434,0.34375,0.84375,0.578125,0.708434,0.421875,0.708433,0.578125,0.708434,0.578125,0.979066,0.65625,0.84375,0.65625,0.84375,0.578125,0.979066,0.421875,0.979066,0.34375,0.84375,0.421875,0.979066,0.421875,0.708434,0.34375,0.84375,0.578125,0.708433,0.421875,0.708433,0.578125,0.708433,0.578125,0.979066,0.65625,0.84375,0.65625,0.84375,0.578125,0.979066,0.421875,0.979066,0.34375,0.84375,0.421875,0.979067,0.421875,0.979067,0.421875,0.708434,0.34375,0.84375,0.34375,0.84375,0.578125,0.708434,0.421875,0.708434,0.421875,0.708433,0.65625,0.84375,0.578125,0.708434,0.578125,0.708433,0.5,0.8375,0.578125,0.979067,0.421875,0.708434,0.578125,0.708433,0.5,0.8375,0.375,0.3125,0.4375,0.3125,0.5,0.3125,0.5625,0.3125,0.625,0.3125,0.375,0.68844,0.4375,0.68844,0.5,0.68844,0.5625,0.68844,0.625,0.68844,0.5,0.6875,0.34375,0.84375,0.5,1.0,0.65625,0.84375]],

"faces": [42,12,1,0,0,0,1,2,0,0,0,42,0,1,7,0,6,3,4,1,1,1,42,7,6,0,0,4,5,6,2,2,2,42,0,6,11,0,10,7,8,3,3,3,42,11,5,0,0,8,9,10,4,4,4,42,5,12,0,0,11,0,2,5,5,5,42,12,2,1,0,0,12,1,6,6,6,42,1,2,8,0,15,13,14,7,7,7,42,8,7,1,0,14,4,15,8,8,8,42,12,3,2,0,0,16,12,9,9,9,42,2,3,9,0,19,17,18,10,10,10,42,9,8,2,0,18,14,19,11,11,11,42,12,4,3,0,0,20,16,12,12,12,42,3,4,10,0,23,21,22,13,13,13,42,10,9,3,0,22,18,23,14,14,14,42,12,5,4,0,0,24,20,15,15,15,42,4,5,11,0,26,25,8,16,16,16,42,11,10,4,0,8,22,26,17,17,17,42,6,13,18,0,30,27,28,18,18,18,42,18,11,6,0,28,29,30,19,19,19,42,6,7,14,0,30,31,32,20,20,20,42,14,13,6,0,32,27,30,21,21,21,42,7,8,15,0,35,33,34,22,22,22,42,15,14,7,0,34,32,35,23,23,23,42,8,9,16,0,38,36,37,24,24,24,42,16,15,8,0,37,34,38,25,25,25,42,9,10,17,0,41,39,40,26,26,26,42,17,16,9,0,40,37,41,27,27,27,42,10,11,18,0,43,42,28,28,28,28,42,18,17,10,0,28,40,43,29,29,29,42,13,19,24,0,47,44,45,30,30,30,42,24,18,13,0,45,46,47,31,31,31,42,13,14,20,0,47,32,48,32,32,32,42,20,19,13,0,48,44,47,33,33,33,42,14,15,21,0,50,34,49,34,34,34,42,21,20,14,0,49,48,50,35,35,35,42,15,16,22,0,52,37,51,36,36,36,42,22,21,15,0,51,49,52,37,37,37,42,16,17,23,0,54,40,53,38,38,38,42,23,22,16,0,53,51,54,39,39,39,42,17,18,24,0,55,28,45,40,40,40,42,24,23,17,0,45,53,55,41,41,41,42,19,25,30,0,59,56,57,42,42,42,42,30,24,19,0,57,58,59,43,43,43,42,19,20,26,0,59,48,60,44,44,44,42,26,25,19,0,60,56,59,45,45,45,42,20,21,27,0,62,49,61,46,46,46,42,27,26,20,0,61,60,62,47,47,47,42,21,22,28,0,64,51,63,48,48,48,42,28,27,21,0,63,61,64,49,49,49,42,22,23,29,0,66,53,65,50,50,50,42,29,28,22,0,65,63,66,51,51,51,42,23,24,30,0,67,45,57,52,52,52,42,30,29,23,0,57,65,67,53,53,53,42,25,31,37,0,71,68,69,54,54,54,42,37,30,25,0,69,70,71,55,55,55,42,25,26,32,0,71,60,72,56,56,56,42,32,31,25,0,72,68,71,57,57,57,42,26,27,34,0,75,61,73,58,58,58,42,34,32,26,0,73,74,75,59,59,59,42,27,28,35,0,78,63,76,60,60,60,42,35,34,27,0,76,77,78,61,61,61,42,28,29,36,0,81,65,79,62,62,62,42,36,35,28,0,79,80,81,63,63,63,42,29,30,37,0,84,57,82,64,64,64,42,37,36,29,0,82,83,84,65,65,65,42,32,33,31,0,72,85,68,66,66,66,42,33,37,31,0,85,69,86,67,67,67,42,34,33,32,0,73,85,74,68,68,68,42,34,35,33,0,73,76,85,69,69,69,42,35,36,33,0,87,79,85,70,70,70,42,36,37,33,0,88,82,89,71,71,71,42,42,38,39,0,95,90,91,72,72,72,42,39,43,42,0,91,96,95,73,73,73,42,43,39,40,0,96,91,92,74,74,74,42,40,44,43,0,92,97,96,75,75,75,42,44,40,41,0,97,92,93,76,76,76,42,41,45,44,0,93,98,97,77,77,77,42,45,41,38,0,98,93,94,78,78,78,42,38,42,45,0,94,99,98,79,79,79,42,44,45,42,0,100,103,102,80,80,80,42,42,43,44,0,102,101,100,81,81,81]

}